ÝL NO;ÝL ADI;ADANA;ADIYAMAN;AFYON;AÐRI;AMASYA;ANKARA;ANTALYA;ARTVÝN;AYDIN;BALIKESÝR;BÝLECÝK;BÝNGÖL;BÝTLÝS;BOLU;BURDUR;BURSA;ÇANAKKALE;ÇANKIRI;ÇORUM;DENÝZLÝ;DÝYARBAKIR;EDÝRNE;ELAZIÐ;ERZÝNCAN;ERZURUM;ESKÝÞEHÝR;GAZÝANTEP;GÝRESUN;GÜMÜÞHANE;HAKKARÝ;HATAY;ISPARTA;ÝÇEL;ÝSTANBUL;ÝZMÝR;KARS;KASTAMONU;KAYSERÝ;KIRKLARELÝ;KIRÞEHÝR;KOCAELÝ;KONYA;KÜTAHYA;MALATYA;MANÝSA;KAHRAMANMARAÞ;MARDÝN;MUÐLA;MUÞ;NEVÞEHÝR;NÝÐDE;ORDU;RÝZE;SAKARYA;SAMSUN;SÝÝRT;SÝNOP;SÝVAS;TEKÝRDAÐ;TOKAT;TRABZON;TUNCELÝ;ÞANLIURFA;UÞAK;VAN;YOZGAT;ZONGULDAK;AKSARAY;BAYBURT;KARAMAN;KIRIKKALE;BATMAN;ÞIRNAK;BARTIN;ARDAHAN;IÐDIR;YALOVA;KARABÜK;KÝLÝS;OSMANÝYE;DÜZCE;ÝL ADI;ÝL NO;;;
01;ADANA;;336;573;966;604;490;552;1032;883;901;770;630;732;677;666;839;1100;575;579;760;525;1169;490;671;806;688;212;721;779;909;191;616;69;939;900;1009;687;333;1150;375;828;356;673;392;884;192;537;863;739;287;205;710;920;791;722;708;846;423;1071;492;845;624;349;689;895;473;754;265;801;289;474;621;720;769;1036;1069;893;701;248;87;722;ADANA;01;;;
02;ADIYAMAN;336;;909;646;630;755;888;755;1219;1237;1059;349;412;946;1002;1128;1399;785;694;1096;205;1438;280;545;529;977;150;708;678;669;318;952;405;1208;1236;732;883;437;1419;571;1097;692;1009;182;1220;164;296;1199;462;518;541;724;854;1060;748;388;888;410;1340;518;779;414;110;1025;575;612;1023;593;654;625;684;301;480;1038;759;749;1162;970;209;249;991;ADIYAMAN;02;;;
03;AFYON;573;909;;1312;589;256;292;1236;346;328;212;1098;1290;420;170;277;527;387;497;223;1098;684;958;941;1131;144;785;864;1008;1482;764;169;565;454;327;1331;499;521;665;429;343;223;100;860;311;765;1110;368;1207;440;459;820;1075;306;669;1281;668;695;586;635;1000;1072;922;116;1425;471;489;365;1030;336;331;1194;1293;515;1345;1422;341;447;821;660;375;AFYON;03;;;
04;AÐRI;966;646;1312;;738;1056;1429;397;1642;1571;1360;358;234;1147;1425;1420;1691;986;830;1519;441;1639;496;371;184;1289;754;547;384;432;948;1375;1035;1409;1635;217;991;813;1620;943;1298;1115;1367;592;1619;810;518;1664;245;892;939;591;550;1261;742;331;897;619;1541;677;485;424;617;1424;230;843;1207;967;306;1114;981;369;426;1174;310;143;1363;1105;813;879;1192;AÐRI;04;;;
05;AMASYA;604;630;589;738;;333;825;695;931;833;622;640;832;409;755;682;953;248;92;808;699;901;546;367;557;566;596;323;434;1139;694;720;639;671;912;757;253;348;882;312;560;511;644;466;896;520;794;953;749;363;441;279;534;523;131;886;258;220;803;114;459;498;714;701;967;200;469;422;456;616;258;799;981;436;779;848;625;367;655;625;454;AMASYA;05;;;
06;ANKARA;490;755;256;1056;333;;544;980;598;535;315;895;1087;191;422;384;655;131;241;475;906;683;755;685;875;233;667;608;752;1364;681;421;483;453;579;1075;243;318;664;184;342;258;311;657;563;591;992;620;1004;275;348;564;819;305;413;1093;412;439;585;379;744;816;804;368;1222;215;268;225;774;369;75;1006;1175;283;1089;1166;407;215;726;577;236;ANKARA;06;;;
07;ANTALYA;552;888;292;1429;825;544;;1466;342;505;476;1182;1284;684;122;541;704;668;733;220;1077;912;1042;1058;1248;424;764;1100;1166;1461;743;130;483;718;444;1448;780;618;929;572;607;322;364;944;428;744;1089;311;1291;537;544;1056;1307;570;905;1260;949;810;850;871;1232;1176;901;294;1447;684;753;462;1188;374;567;1173;1272;803;1470;1539;605;735;800;639;639;ANTALYA;07;;;
08;ARTVÝN;1032;755;1236;397;695;980;1466;;1578;1463;1252;406;562;1039;1402;1312;1583;895;739;1455;550;1531;544;408;226;1213;863;372;337;771;1014;1367;1101;1301;1559;210;857;850;1512;953;1190;1152;1291;640;1543;860;645;1600;479;929;976;416;161;1153;567;659;722;656;1433;634;236;461;726;1348;569;841;1073;1004;343;1151;905;603;754;1040;117;344;1255;971;922;945;1084;ARTVÝN;08;;;
09;AYDIN;883;1219;346;1642;931;598;342;1578;;296;520;1408;1600;718;272;445;450;729;839;126;1408;658;1268;1271;1461;478;1095;1206;1350;1792;1074;288;825;684;126;1661;841;831;675;771;573;533;408;1170;155;1075;1420;99;1517;750;769;1162;1417;604;1011;1591;1010;1023;630;977;1342;1402;1232;273;1735;813;787;675;1372;641;673;1504;1603;857;1683;1752;510;789;1131;970;673;AYDIN;09;;;
10;BALIKESÝR;901;1237;328;1571;833;535;505;1463;296;;246;1419;1611;424;397;151;199;657;776;285;1426;407;1279;1200;1390;302;1113;1091;1254;1810;1092;396;893;390;176;1590;672;842;424;708;279;551;228;1181;141;1093;1438;395;1528;768;787;1047;1302;310;896;1609;844;974;379;914;1227;1331;1250;225;1746;750;493;693;1289;664;610;1522;1621;582;1572;1681;216;558;1149;988;379;BALIKESÝR;10;;;
11;BÝLECÝK;770;1059;212;1360;622;315;476;1252;520;246;;1199;1391;213;354;95;366;446;556;397;1210;477;1059;989;1179;82;971;880;1043;1668;961;353;762;247;420;1379;461;622;458;488;136;420;112;961;385;895;1296;542;1308;579;648;836;1091;99;685;1397;633;754;379;694;1016;1120;1108;251;1526;530;282;525;1078;533;390;1310;1479;371;1361;1470;129;347;1018;857;168;BÝLECÝK;11;;;
12;BÝNGÖL;630;349;1098;358;640;895;1182;406;1408;1419;1199;;196;1049;1191;1268;1539;888;732;1285;144;1541;142;273;180;1117;457;546;383;503;612;1141;699;1311;1425;383;893;577;1522;711;1200;881;1195;238;1409;458;239;1430;113;658;705;590;559;1163;719;284;864;468;1443;576;484;142;320;1214;331;692;1109;733;305;880;824;197;379;1076;410;474;1265;1007;516;543;1094;BÝNGÖL;12;;;
13;BÝTLÝS;732;412;1290;234;832;1087;1284;562;1600;1611;1391;196;;1241;1383;1460;1731;1080;924;1477;207;1733;334;465;349;1309;520;712;549;335;714;1333;801;1503;1617;432;1085;769;1714;903;1392;1073;1387;430;1601;576;284;1595;83;850;897;756;715;1355;907;97;1056;660;1635;768;650;334;383;1406;163;884;1301;925;471;1021;1016;135;192;1268;491;337;1457;1199;579;645;1286;BÝTLÝS;13;;;
14;BOLU;677;946;420;1147;409;191;684;1039;718;424;213;1049;1241;;562;273;544;233;352;605;1097;492;946;776;966;290;858;667;830;1548;868;561;670;262;598;1166;248;509;473;375;151;445;320;848;563;782;1183;750;1158;466;535;623;878;114;472;1284;420;629;394;523;803;907;995;459;1376;406;159;412;865;556;266;1197;1366;174;1148;1257;216;134;917;764;45;BOLU;14;;;
15;BURDUR;666;1002;170;1425;755;422;122;1402;272;397;354;1191;1383;562;;419;596;553;663;150;1191;804;1051;1054;1244;302;878;1030;1162;1575;857;51;605;596;374;1444;665;614;807;568;485;314;242;953;358;858;1203;241;1300;533;552;986;1241;448;835;1374;834;806;728;801;1166;1185;1015;172;1518;637;631;458;1184;419;497;1287;1386;681;1466;1535;483;613;914;753;517;BURDUR;15;;;
16;BURSA;839;1128;277;1420;682;384;541;1312;445;151;95;1268;1460;273;419;;271;506;625;434;1279;419;1128;1049;1239;151;1040;940;1103;1737;1030;418;831;243;325;1439;521;691;436;557;132;489;177;1030;290;964;1365;544;1377;648;717;896;1151;159;745;1466;693;823;375;763;1076;1180;1177;311;1595;599;342;594;1138;602;459;1379;1548;431;1421;1530;69;407;1087;926;228;BURSA;16;;;
17;ÇANAKKALE;1100;1399;527;1691;953;655;704;1583;450;199;366;1539;1731;544;596;271;;777;896;484;1550;216;1399;1320;1510;422;1311;1211;1374;2008;1291;595;1092;320;326;1710;792;962;233;828;399;750;427;1301;331;1235;1636;549;1648;919;986;1167;1422;430;1016;1737;964;1094;188;1034;1347;1451;1448;424;1866;870;613;865;1409;863;730;1650;1819;702;1692;1801;336;678;1348;1187;499;ÇANAKKALE;17;;;
18;ÇANKIRI;575;785;387;986;248;131;668;895;729;657;446;888;1080;233;553;506;777;;156;606;919;725;766;615;805;364;697;523;682;1387;766;552;568;495;710;1005;112;348;706;214;384;354;442;686;694;621;1014;751;997;305;387;479;734;347;328;1106;281;440;627;334;659;746;834;499;1215;245;295;310;704;465;105;1019;1201;282;1004;1096;449;193;756;662;278;ÇANKIRI;18;;;
19;ÇORUM;579;694;497;830;92;241;733;739;839;776;556;732;924;352;663;625;896;156;;716;763;844;610;459;649;474;630;367;526;1231;728;628;572;614;820;849;196;281;825;220;503;419;552;530;804;554;858;861;841;296;374;323;578;466;172;950;267;284;746;178;503;590;767;609;1059;108;412;330;548;530;166;863;1045;379;848;940;568;310;689;659;397;ÇORUM;19;;;
20;DENÝZLÝ;760;1096;223;1519;808;475;220;1455;126;285;397;1285;1477;605;150;434;484;606;716;;1285;692;1145;1148;1338;355;972;1083;1227;1669;951;165;703;639;224;1538;718;708;709;648;528;410;285;1047;208;952;1297;145;1394;627;646;1039;1294;491;888;1468;887;900;664;854;1219;1279;1109;150;1612;690;674;552;1249;518;550;1381;1480;734;1560;1629;499;666;1008;847;560;DENÝZLÝ;20;;;
21;DÝYARBAKIR;525;205;1098;441;699;906;1077;550;1408;1426;1210;144;207;1097;1191;1279;1550;919;763;1285;;1589;153;408;324;1128;313;690;527;471;507;1141;594;1359;1425;527;952;588;1570;722;1248;881;1198;249;1409;369;95;1388;257;669;716;733;703;1211;817;187;957;479;1491;587;628;277;176;1214;370;703;1168;744;449;814;835;100;282;1135;554;544;1313;1066;372;438;1142;DÝYARBAKIR;21;;;
22;EDÝRNE;1169;1438;684;1639;901;683;912;1531;658;407;477;1541;1733;492;804;419;216;725;844;692;1589;;1438;1268;1458;554;1350;1159;1322;2040;1360;803;1162;230;534;1658;740;1001;62;867;341;892;584;1340;539;1274;1675;757;1650;958;1027;1115;1370;378;964;1776;912;1121;140;1015;1295;1399;1487;632;1868;898;561;904;1357;1005;758;1689;1858;650;1640;1749;406;626;1409;1256;447;EDÝRNE;22;;;
23;ELAZIÐ;490;280;958;496;546;755;1042;544;1268;1279;1059;142;334;946;1051;1128;1399;766;610;1145;153;1438;;267;318;977;338;563;400;624;472;1001;559;1208;1285;521;799;437;1419;571;1097;741;1055;98;1269;318;248;1290;251;518;565;592;576;1060;664;340;804;326;1340;434;501;136;319;1074;469;550;1015;593;396;740;684;253;435;982;548;612;1162;913;397;403;991;ELAZIÐ;23;;;
24;ERZÝNCAN;671;545;941;371;367;685;1058;408;1271;1200;989;273;465;776;1054;1049;1320;615;459;1148;408;1268;267;;190;918;603;296;133;772;737;1004;740;1038;1264;390;620;442;1249;572;927;744;996;363;1248;583;503;1293;382;521;568;325;309;890;446;557;591;248;1170;306;234;131;574;1053;600;472;836;596;155;743;610;470;652;803;412;481;992;734;662;668;821;ERZÝNCAN;24;;;
25;ERZURUM;806;529;1131;184;557;875;1248;226;1461;1390;1179;180;349;966;1244;1239;1510;805;649;1338;324;1458;318;190;;1108;637;366;203;616;788;1194;875;1228;1454;203;810;632;1439;762;1117;934;1186;414;1438;634;419;1483;266;711;758;410;379;1080;561;446;716;438;1360;496;304;243;500;1243;414;662;1026;786;125;933;800;377;541;993;230;294;1182;924;696;719;1011;ERZURUM;25;;;
26;ESKÝÞEHÝR;688;977;144;1289;566;233;424;1213;478;302;82;1117;1309;290;302;151;422;364;474;355;1128;554;977;918;1108;;889;841;985;1586;879;301;680;324;411;1308;476;540;535;406;213;338;78;879;395;813;1214;500;1226;497;566;797;1052;176;646;1315;645;672;456;612;977;1049;1026;217;1444;448;359;443;1007;451;308;1228;1397;448;1322;1399;211;424;936;775;245;ESKÝÞEHÝR;26;;;
27;GAZÝANTEP;212;150;785;754;596;667;764;863;1095;1113;971;457;520;858;878;1040;1311;697;630;972;313;1350;338;603;637;889;;713;736;697;194;828;281;1120;1112;840;809;349;1331;483;1009;568;885;240;1096;76;325;1075;570;430;417;702;912;972;714;496;854;415;1252;484;837;472;137;901;683;524;935;477;732;501;596;409;508;950;867;857;1074;882;63;125;903;GAZÝANTEP;27;;;
28;GÝRESUN;721;708;864;547;323;608;1100;372;1206;1091;880;546;712;667;1030;940;1211;523;367;1083;690;1159;563;296;366;841;713;;163;979;811;995;790;929;1187;566;485;492;1140;581;818;786;919;544;1171;637;785;1228;629;571;618;44;211;781;195;809;350;298;1061;262;136;427;792;976;777;469;701;646;241;793;533;743;904;668;481;657;883;599;772;742;712;GÝRESUN;28;;;
29;GÜMÜÞHANE;779;678;1008;384;434;752;1166;337;1350;1254;1043;383;549;830;1162;1103;1374;682;526;1227;527;1322;400;133;203;985;736;163;;816;869;1112;848;1092;1331;403;648;550;1303;680;981;852;1063;496;1315;695;622;1372;466;629;676;207;176;944;358;646;513;356;1224;373;101;264;703;1120;614;580;864;704;78;851;677;580;741;831;425;494;1046;762;795;800;875;GÜMÜÞHANE;29;;;
30;HAKKARÝ;909;669;1482;432;1139;1364;1461;771;1792;1810;1668;503;335;1548;1575;1737;2008;1387;1231;1669;471;2040;624;772;616;1586;697;979;816;;891;1525;978;1810;1809;567;1392;1046;2021;1180;1699;1265;1582;720;1793;773;398;1772;390;1127;1114;1023;924;1662;1174;284;1329;950;1942;1058;917;641;560;1598;202;1174;1608;1174;738;1198;1293;371;189;1575;654;427;1764;1506;756;822;1593;HAKKARÝ;30;;;
31;HATAY;191;318;764;948;694;681;743;1014;1074;1092;961;612;714;868;857;1030;1291;766;728;951;507;1360;472;737;788;879;194;811;869;891;;807;260;1130;1091;991;878;447;1341;566;1019;547;864;374;1075;174;519;1054;721;478;396;800;1010;982;812;690;952;513;1262;582;935;606;331;880;877;622;945;456;866;480;665;603;702;960;1018;1051;1084;892;146;129;913;HATAY;31;;;
32;ISPARTA;616;952;169;1375;720;421;130;1367;288;396;353;1141;1333;561;51;418;595;552;628;165;1141;803;1001;1004;1194;301;828;995;1112;1525;807;;581;595;382;1394;664;564;806;518;484;263;241;903;366;808;1153;292;1250;483;502;951;1206;447;800;1324;833;756;727;766;1131;1135;965;171;1468;602;630;408;1134;368;462;1237;1336;680;1416;1485;482;612;864;703;516;ISPARTA;32;;;
33;ÝÇEL;69;405;565;1035;639;483;483;1101;825;893;762;699;801;670;605;831;1092;568;572;703;594;1162;559;740;875;680;281;790;848;978;260;581;;932;892;1078;680;326;1143;368;821;348;665;461;876;261;606;794;808;280;198;779;989;784;744;777;839;492;1064;561;914;693;418;681;964;466;747;258;870;235;467;690;789;762;1105;1138;886;694;317;156;715;ÝÇEL;33;;;
34;ÝSTANBUL;939;1208;454;1409;671;453;718;1301;684;390;247;1311;1503;262;596;243;320;495;614;639;1359;230;1208;1038;1228;324;1120;929;1092;1810;1130;595;932;;564;1428;510;771;211;637;111;662;354;1110;529;1044;1445;783;1420;728;797;885;1140;148;734;1546;682;891;132;785;1065;1169;1257;493;1638;668;331;674;1127;775;528;1459;1628;420;1410;1519;176;396;1179;1026;217;ÝSTANBUL;34;;;
35;ÝZMÝR;900;1236;327;1635;912;579;444;1559;126;176;420;1425;1617;598;374;325;326;710;820;224;1425;534;1285;1264;1454;411;1112;1187;1331;1809;1091;382;892;564;;1654;822;848;551;752;453;550;333;1187;35;1092;1437;225;1534;767;786;1143;1398;484;992;1608;991;1018;506;958;1323;1395;1249;211;1752;794;667;692;1353;663;654;1521;1620;756;1668;1745;390;732;1148;987;553;ÝZMÝR;35;;;
36;KARS;1009;732;1331;217;757;1075;1448;210;1661;1590;1379;383;432;1166;1444;1439;1710;1005;849;1538;527;1658;521;390;203;1308;840;566;403;567;991;1394;1078;1428;1654;;1010;832;1639;962;1317;1134;1386;617;1638;837;622;1683;349;911;958;610;363;1280;761;529;916;638;1560;696;438;443;703;1443;365;862;1226;986;325;1133;1000;567;624;1193;93;140;1382;1124;899;922;1211;KARS;36;;;
37;KASTAMONU;687;883;499;991;253;243;780;857;841;672;461;893;1085;248;665;521;792;112;196;718;952;740;799;620;810;476;809;485;648;1392;878;664;680;510;822;1010;;460;721;326;399;466;554;719;806;733;1047;863;1002;417;499;441;696;362;290;1139;183;473;642;367;621;751;946;611;1220;300;216;422;709;577;217;1052;1234;183;966;1101;464;114;868;774;293;KASTAMONU;37;;;
38;KAYSERÝ;333;437;521;813;348;318;618;850;831;842;622;577;769;509;614;691;962;348;281;708;588;1001;437;442;632;540;349;492;550;1046;447;564;326;771;848;832;460;;982;134;660;304;618;339;832;273;674;853;686;81;128;481;691;623;453;775;548;194;903;263;616;571;486;637;904;175;586;156;572;303;247;688;857;601;854;923;725;533;408;378;554;KAYSERÝ;38;;;
39;KIRKLARELÝ;1150;1419;665;1620;882;664;929;1512;675;424;458;1522;1714;473;807;436;233;706;825;709;1570;62;1419;1249;1439;535;1331;1140;1303;2021;1341;806;1143;211;551;1639;721;982;;848;322;873;565;1321;556;1255;1656;774;1631;939;1008;1096;1351;359;945;1757;893;1102;121;996;1276;1380;1468;649;1849;879;542;885;1338;986;739;1670;1839;631;1621;1730;387;607;1390;1237;428;KIRKLARELÝ;39;;;
40;KIRÞEHÝR;375;571;429;943;312;184;572;953;771;708;488;711;903;375;568;557;828;214;220;648;722;867;571;572;762;406;483;581;680;1180;566;518;368;637;752;962;326;134;848;;526;258;484;473;736;407;808;793;820;91;173;537;792;489;392;909;487;324;769;319;717;703;620;541;1038;112;452;110;702;320;113;822;991;467;984;1053;591;399;542;462;420;KIRÞEHÝR;40;;;
41;KOCAELÝ;828;1097;343;1298;560;342;607;1190;573;279;136;1200;1392;151;485;132;399;384;503;528;1248;341;1097;927;1117;213;1009;818;981;1699;1019;484;821;111;453;1317;399;660;322;526;;551;243;999;418;933;1334;672;1309;617;686;774;1029;37;623;1435;571;780;243;674;954;1058;1146;382;1527;557;220;563;1016;664;417;1348;1517;309;1299;1408;65;285;1068;915;106;KOCAELÝ;41;;;
42;KONYA;356;692;223;1115;511;258;322;1152;533;551;420;881;1073;445;314;489;750;354;419;410;881;892;741;744;934;338;568;786;852;1265;547;263;348;662;550;1134;466;304;873;258;551;;323;643;534;548;893;555;990;223;242;742;993;514;591;1064;635;496;794;557;918;875;705;339;1208;370;522;148;874;119;253;977;1076;537;1156;1225;549;469;604;443;490;KONYA;42;;;
43;KÜTAHYA;673;1009;100;1367;644;311;364;1291;408;228;112;1195;1387;320;242;177;427;442;552;285;1198;584;1055;996;1186;78;885;919;1063;1582;864;241;665;354;333;1386;554;618;565;484;243;323;;957;317;865;1210;430;1304;540;559;875;1130;206;724;1381;723;750;486;690;1055;1127;1022;139;1522;526;389;465;1085;436;386;1294;1393;478;1400;1477;241;454;921;760;275;KÜTAHYA;43;;;
44;MALATYA;392;182;860;592;466;657;944;640;1170;1181;961;238;430;848;953;1030;1301;686;530;1047;249;1340;98;363;414;879;240;544;496;720;374;903;461;1110;1187;617;719;339;1321;473;999;643;957;;1171;220;344;1192;347;420;467;560;672;962;584;436;724;246;1242;354;597;232;266;976;565;470;925;495;492;642;586;349;531;902;644;708;1064;833;299;305;893;MALATYA;44;;;
45;MANÝSA;884;1220;311;1619;896;563;428;1543;155;141;385;1409;1601;563;358;290;331;694;804;208;1409;539;1269;1248;1438;395;1096;1171;1315;1793;1075;366;876;529;35;1638;806;832;556;736;418;534;317;1171;;1076;1421;254;1518;751;770;1127;1382;449;976;1592;975;1002;511;942;1307;1379;1233;195;1736;778;632;676;1337;647;638;1505;1604;721;1652;1729;355;697;1132;971;518;MANÝSA;45;;;
46;KAHRAMANMARAÞ;192;164;765;810;520;591;744;860;1075;1093;895;458;576;782;858;964;1235;621;554;952;369;1274;318;583;634;813;76;637;695;773;174;808;261;1044;1092;837;733;273;1255;407;933;548;865;220;1076;;401;1055;567;354;397;626;836;896;638;552;778;339;1176;408;761;452;213;881;739;448;859;429;712;481;520;465;584;874;864;913;998;806;135;105;827;KAHRAMANMARAÞ;46;;;
47;MARDÝN;537;296;1110;518;794;992;1089;645;1420;1438;1296;239;284;1183;1203;1365;1636;1014;858;1297;95;1675;248;503;419;1214;325;785;622;398;519;1153;606;1445;1437;622;1047;674;1656;808;1334;893;1210;344;1421;401;;1400;352;755;742;828;798;1297;912;230;1052;574;1577;682;723;372;188;1226;447;798;1260;802;544;826;921;149;209;1230;649;621;1399;1161;384;450;1228;MARDÝN;47;;;
48;MUÐLA;863;1199;368;1664;953;620;311;1600;99;395;542;1430;1595;750;241;544;549;751;861;145;1388;757;1290;1293;1483;500;1075;1228;1372;1772;1054;292;794;783;225;1683;863;853;774;793;672;555;430;1192;254;1055;1400;;1539;772;791;1184;1439;636;1033;1571;1032;1045;729;999;1364;1424;1212;295;1757;835;819;697;1394;660;695;1484;1583;879;1705;1774;609;811;1111;950;705;MUÐLA;48;;;
49;MUÞ;739;462;1207;245;749;1004;1291;479;1517;1528;1308;113;83;1158;1300;1377;1648;997;841;1394;257;1650;251;382;266;1226;570;629;466;390;721;1250;808;1420;1534;349;1002;686;1631;820;1309;990;1304;347;1518;567;352;1539;;767;814;673;632;1272;824;180;973;577;1552;685;567;251;433;1323;218;801;1218;842;388;989;933;218;275;1185;408;388;1374;1116;629;652;1203;MUÞ;49;;;
50;NEVÞEHÝR;287;518;440;892;363;275;537;929;750;768;579;658;850;466;533;648;919;305;296;627;669;958;518;521;711;497;430;571;629;1127;478;483;280;728;767;911;417;81;939;91;617;223;540;420;751;354;755;772;767;;82;557;770;580;468;856;563;273;860;339;695;652;567;556;985;190;543;75;651;257;204;769;938;558;933;1002;682;490;489;374;511;NEVÞEHÝR;50;;;
51;NÝÐDE;205;541;459;939;441;348;544;976;769;787;648;705;897;535;552;717;986;387;374;646;716;1027;565;568;758;566;417;618;676;1114;396;502;198;797;786;958;499;128;1008;173;686;242;559;467;770;397;742;791;814;82;;607;817;649;546;903;641;320;929;389;742;699;554;575;1032;268;612;123;698;175;286;816;925;627;980;1049;751;559;453;292;580;NÝÐDE;51;;;
52;ORDU;710;724;820;591;279;564;1056;416;1162;1047;836;590;756;623;986;896;1167;479;323;1039;733;1115;592;325;410;797;702;44;207;1023;800;951;779;885;1143;610;441;481;1096;537;774;742;875;560;1127;626;828;1184;673;557;607;;255;737;151;853;306;314;1017;218;180;456;808;932;821;425;657;632;285;782;489;787;948;624;525;701;839;555;761;731;668;ORDU;52;;;
53;RÝZE;920;854;1075;550;534;819;1307;161;1417;1302;1091;559;715;878;1241;1151;1422;734;578;1294;703;1370;576;309;379;1052;912;211;176;924;1010;1206;989;1140;1398;363;696;691;1351;792;1029;993;1130;672;1382;836;798;1439;632;770;817;255;;992;406;812;561;497;1272;473;75;440;879;1187;722;680;912;845;254;992;744;756;907;879;270;497;1094;810;971;941;923;RÝZE;53;;;
54;SAKARYA;791;1060;306;1261;523;305;570;1153;604;310;99;1163;1355;114;448;159;430;347;466;491;1211;378;1060;890;1080;176;972;781;944;1662;982;447;784;148;484;1280;362;623;359;489;37;514;206;962;449;896;1297;636;1272;580;649;737;992;;586;1398;534;743;280;637;917;1021;1109;345;1490;520;183;526;979;627;380;1311;1480;272;1262;1371;102;248;1031;878;69;SAKARYA;54;;;
55;SAMSUN;722;748;669;742;131;413;905;567;1011;896;685;719;907;472;835;745;1016;328;172;888;817;964;664;446;561;646;714;195;358;1174;812;800;744;734;992;761;290;453;945;392;623;591;724;584;976;638;912;1033;824;468;546;151;406;586;;1003;155;338;866;230;331;577;832;781;972;280;506;502;436;702;338;916;1098;473;676;852;688;404;773;743;517;SAMSUN;55;;;
56;SÝÝRT;708;388;1281;331;886;1093;1260;659;1591;1609;1397;284;97;1284;1374;1466;1737;1106;950;1468;187;1776;340;557;446;1315;496;809;646;284;690;1324;777;1546;1608;529;1139;775;1757;909;1435;1064;1381;436;1592;552;230;1571;180;856;903;853;812;1398;1003;;1144;666;1678;774;747;426;359;1397;260;890;1355;931;568;997;1022;87;95;1322;588;434;1500;1253;555;621;1329;SÝÝRT;56;;;
57;SÝNOP;846;888;668;897;258;412;949;722;1010;844;633;864;1056;420;834;693;964;281;267;887;957;912;804;591;716;645;854;350;513;1329;952;833;839;682;991;916;183;548;893;487;571;635;723;724;975;778;1052;1032;973;563;641;306;561;534;155;1144;;478;814;372;486;722;972;780;1127;375;399;591;591;746;386;1057;1239;366;831;1007;636;297;913;883;465;SÝNOP;57;;;
58;SÝVAS;423;410;695;619;220;439;810;656;1023;974;754;468;660;629;806;823;1094;440;284;900;479;1121;326;248;438;672;415;298;356;950;513;756;492;891;1018;638;473;194;1102;324;780;496;750;246;1002;339;574;1045;577;273;320;314;497;743;338;666;478;;1023;108;422;379;494;807;795;224;689;348;378;495;364;579;761;656;660;729;845;587;474;444;674;SÝVAS;58;;;
59;TEKÝRDAÐ;1071;1340;586;1541;803;585;850;1433;630;379;379;1443;1635;394;728;375;188;627;746;664;1491;140;1340;1170;1360;456;1252;1061;1224;1942;1262;727;1064;132;506;1560;642;903;121;769;243;794;486;1242;511;1176;1577;729;1552;860;929;1017;1272;280;866;1678;814;1023;;917;1197;1301;1389;604;1770;800;463;806;1259;907;660;1591;1760;552;1542;1651;308;528;1311;1158;349;TEKÝRDAÐ;59;;;
60;TOKAT;492;518;635;677;114;379;871;634;977;914;694;576;768;523;801;763;1034;334;178;854;587;1015;434;306;496;612;484;262;373;1058;582;766;561;785;958;696;367;263;996;319;674;557;690;354;942;408;682;999;685;339;389;218;473;637;230;774;372;108;917;;398;437;602;747;903;207;583;414;395;564;304;687;869;550;718;787;739;481;543;513;568;TOKAT;60;;;
61;TRABZON;845;779;1000;485;459;744;1232;236;1342;1227;1016;484;650;803;1166;1076;1347;659;503;1219;628;1295;501;234;304;977;837;136;101;917;935;1131;914;1065;1323;438;621;616;1276;717;954;918;1055;597;1307;761;723;1364;567;695;742;180;75;917;331;747;486;422;1197;398;;365;804;1112;715;605;837;770;179;917;669;681;842;804;345;572;1019;735;896;866;848;TRABZON;61;;;
62;TUNCELÝ;624;414;1072;424;498;816;1176;461;1402;1331;1120;142;334;907;1185;1180;1451;746;590;1279;277;1399;136;131;243;1049;472;427;264;641;606;1135;693;1169;1395;443;751;571;1380;703;1058;875;1127;232;1379;452;372;1424;251;652;699;456;440;1021;577;426;722;379;1301;437;365;;443;1184;469;603;967;727;260;874;741;339;521;934;465;534;1123;865;531;537;952;TUNCELÝ;62;;;
63;ÞANLIURFA;349;110;922;617;714;804;901;726;1232;1250;1108;320;383;995;1015;1177;1448;834;767;1109;176;1487;319;574;500;1026;137;792;703;560;331;965;418;1257;1249;703;946;486;1468;620;1146;705;1022;266;1233;213;188;1212;433;567;554;808;879;1109;832;359;972;494;1389;602;804;443;;1038;546;661;1072;614;625;638;733;272;371;1087;730;720;1211;1019;196;262;1040;ÞANLIURFA;63;;;
64;UÞAK;689;1025;116;1424;701;368;294;1348;273;225;251;1214;1406;459;172;311;424;499;609;150;1214;632;1074;1053;1243;217;901;976;1120;1598;880;171;681;493;211;1443;611;637;649;541;382;339;139;976;195;881;1226;295;1323;556;575;932;1187;345;781;1397;780;807;604;747;1112;1184;1038;;1541;583;528;481;1142;452;443;1310;1409;617;1457;1534;379;559;937;776;414;UÞAK;64;;;
65;VAN;895;575;1425;230;967;1222;1447;569;1735;1746;1526;331;163;1376;1518;1595;1866;1215;1059;1612;370;1868;469;600;414;1444;683;777;614;202;877;1468;964;1638;1752;365;1220;904;1849;1038;1527;1208;1522;565;1736;739;447;1757;218;985;1032;821;722;1490;972;260;1127;795;1770;903;715;469;546;1541;;1019;1436;1060;536;1184;1151;298;355;1403;452;225;1592;1334;742;808;1421;VAN;65;;;
66;YOZGAT;473;612;471;843;200;215;684;841;813;750;530;692;884;406;637;599;870;245;108;690;703;898;550;472;662;448;524;469;580;1174;622;602;466;668;794;862;300;175;879;112;557;370;526;470;778;448;798;835;801;190;268;425;680;520;280;890;375;224;800;207;605;603;661;583;1019;;483;222;602;432;140;803;985;483;884;953;622;414;583;553;451;YOZGAT;66;;;
67;ZONGULDAK;754;1023;489;1207;469;268;753;1073;787;493;282;1109;1301;159;631;342;613;295;412;674;1168;561;1015;836;1026;359;935;701;864;1608;945;630;747;331;667;1226;216;586;542;452;220;522;389;925;632;859;1260;819;1218;543;612;657;912;183;506;1355;399;689;463;583;837;967;1072;528;1436;483;;489;925;633;343;1268;1443;89;1182;1317;285;102;994;841;114;ZONGULDAK;67;;;
68;AKSARAY;265;593;365;967;422;225;462;1004;675;693;525;733;925;412;458;594;865;310;330;552;744;904;593;596;786;443;477;646;704;1174;456;408;258;674;692;986;422;156;885;110;563;148;465;495;676;429;802;697;842;75;123;632;845;526;502;931;591;348;806;414;770;727;614;481;1060;222;489;;726;210;209;844;985;504;1008;1077;628;436;513;352;457;AKSARAY;68;;;
69;BAYBURT;801;654;1030;306;456;774;1188;343;1372;1289;1078;305;471;865;1184;1138;1409;704;548;1249;449;1357;396;155;125;1007;732;241;78;738;866;1134;870;1127;1353;325;709;572;1338;702;1016;874;1085;492;1337;712;544;1394;388;651;698;285;254;979;436;568;591;378;1259;395;179;260;625;1142;536;602;925;726;;873;699;502;663;892;347;416;1081;823;791;797;910;BAYBURT;69;;;
70;KARAMAN;289;625;336;1114;616;369;374;1151;641;664;533;880;1021;556;419;602;863;465;530;518;814;1005;740;743;933;451;501;793;851;1198;480;368;235;775;663;1133;577;303;986;320;664;119;436;642;647;481;826;660;989;257;175;782;992;627;702;997;746;495;907;564;917;874;638;452;1184;432;633;210;873;;364;910;1009;648;1155;1224;662;580;537;376;601;KARAMAN;70;;;
71;KIRIKKALE;474;684;331;981;258;75;567;905;673;610;390;824;1016;266;497;459;730;105;166;550;835;758;684;610;800;308;596;533;677;1293;665;462;467;528;654;1000;217;247;739;113;417;253;386;586;638;520;921;695;933;204;286;489;744;380;338;1022;386;364;660;304;669;741;733;443;1151;140;343;209;699;364;;935;1104;358;1014;1091;482;290;655;561;311;KIRIKKALE;71;;;
72;BATMAN;621;301;1194;369;799;1006;1173;603;1504;1522;1310;197;135;1197;1287;1379;1650;1019;863;1381;100;1689;253;470;377;1228;409;743;580;371;603;1237;690;1459;1521;567;1052;688;1670;822;1348;977;1294;349;1505;465;149;1484;218;769;816;787;756;1311;916;87;1057;579;1591;687;681;339;272;1310;298;803;1268;844;502;910;935;;182;1235;607;472;1413;1166;468;534;1242;BATMAN;72;;;
73;ÞIRNAK;720;480;1293;426;981;1175;1272;754;1603;1621;1479;379;192;1366;1386;1548;1819;1201;1045;1480;282;1858;435;652;541;1397;508;904;741;189;702;1336;789;1628;1620;624;1234;857;1839;991;1517;1076;1393;531;1604;584;209;1583;275;938;925;948;907;1480;1098;95;1239;761;1760;869;842;521;371;1409;355;985;1443;985;663;1009;1104;182;;1417;683;529;1582;1348;567;633;1411;ÞIRNAK;73;;;
74;BARTIN;769;1038;515;1174;436;283;803;1040;857;582;371;1076;1268;174;681;431;702;282;379;734;1135;650;982;803;993;448;950;668;831;1575;960;680;762;420;756;1193;183;601;631;467;309;537;478;902;721;874;1230;879;1185;558;627;624;879;272;473;1322;366;656;552;550;804;934;1087;617;1403;483;89;504;892;648;358;1235;1417;;1149;1284;374;89;1009;856;203;BARTIN;74;;;
75;ARDAHAN;1036;759;1345;310;779;1089;1470;117;1683;1572;1361;410;491;1148;1466;1421;1692;1004;848;1560;554;1640;548;412;230;1322;867;481;425;654;1018;1416;1105;1410;1668;93;966;854;1621;984;1299;1156;1400;644;1652;864;649;1705;408;933;980;525;270;1262;676;588;831;660;1542;718;345;465;730;1457;452;884;1182;1008;347;1155;1014;607;683;1149;;227;1364;1080;926;949;1193;ARDAHAN;75;;;
76;IÐDIR;1069;749;1422;143;848;1166;1539;344;1752;1681;1470;474;337;1257;1535;1530;1801;1096;940;1629;544;1749;612;481;294;1399;857;657;494;427;1051;1485;1138;1519;1745;140;1101;923;1730;1053;1408;1225;1477;708;1729;913;621;1774;388;1002;1049;701;497;1371;852;434;1007;729;1651;787;572;534;720;1534;225;953;1317;1077;416;1224;1091;472;529;1284;227;;1473;1215;916;982;1302;IÐDIR;76;;;
77;YALOVA;893;1162;341;1363;625;407;605;1255;510;216;129;1265;1457;216;483;69;336;449;568;499;1313;406;1162;992;1182;211;1074;883;1046;1764;1084;482;886;176;390;1382;464;725;387;591;65;549;241;1064;355;998;1399;609;1374;682;751;839;1094;102;688;1500;636;845;308;739;1019;1123;1211;379;1592;622;285;628;1081;662;482;1413;1582;374;1364;1473;;350;1133;980;171;YALOVA;77;;;
78;KARABÜK;701;970;447;1105;367;215;735;971;789;558;347;1007;1199;134;613;407;678;193;310;666;1066;626;913;734;924;424;882;599;762;1506;892;612;694;396;732;1124;114;533;607;399;285;469;454;833;697;806;1161;811;1116;490;559;555;810;248;404;1253;297;587;528;481;735;865;1019;559;1334;414;102;436;823;580;290;1166;1348;89;1080;1215;350;;941;788;179;KARABÜK;78;;;
79;KÝLÝS;248;209;821;813;655;726;800;922;1131;1149;1018;516;579;917;914;1087;1348;756;689;1008;372;1409;397;662;696;936;63;772;795;756;146;864;317;1179;1148;899;868;408;1390;542;1068;604;921;299;1132;135;384;1111;629;489;453;761;971;1031;773;555;913;474;1311;543;896;531;196;937;742;583;994;513;791;537;655;468;567;1009;926;916;1133;941;;161;962;KÝLÝS;79;;;
80;OSMANÝYE;87;249;660;879;625;577;639;945;970;988;857;543;645;764;753;926;1187;662;659;847;438;1256;403;668;719;775;125;742;800;822;129;703;156;1026;987;922;774;378;1237;462;915;443;760;305;971;105;450;950;652;374;292;731;941;878;743;621;883;444;1158;513;866;537;262;776;808;553;841;352;797;376;561;534;633;856;949;982;980;788;161;;809;OSMANÝYE;80;;;
81;DÜZCE;722;991;375;1192;454;236;639;1084;673;379;168;1094;1286;45;517;228;499;278;397;560;1142;447;991;821;1011;245;903;712;875;1593;913;516;715;217;553;1211;293;554;428;420;106;490;275;893;518;827;1228;705;1203;511;580;668;923;69;517;1329;465;674;349;568;848;952;1040;414;1421;451;114;457;910;601;311;1242;1411;203;1193;1302;171;179;962;809;;DÜZCE;81;;;
;;;;;;;;;;;;;;;;;;;;;;;;;;;;;;;;;;;;;;;;;;;;;;;;;;;;;;;;;;;;;;;;;;;;;;;;;;;;;;;;;;;;;;;
;;;;;;;;;;;;;;;;;;;;;;;;;;;;;;;;;;;;;;;;;;;;;;;;;;;;;;;;;;;;;;;;;;;;;;;;;;;;;;;;;;;;;;;
;;;;;;;;;;;;;;;;;;;;;;;;;;;;;;;;;;;;;;;;;;;;;;;;;;;;;;;;;;;;;;;;;;;;;;;;;;;;;;;;;;;;;;;
;;;;;;;;;;;;;;;;;;;;;;;;;;;;;;;;;;;;;;;;;;;;;;;;;;;;;;;;;;;;;;;;;;;;;;;;;;;;;;;;;;;;;;;
;;;;;;;;;;;;;;;;;;;;;;;;;;;;;;;;;;;;;;;;;;;;;;;;;;;;;;;;;;;;;;;;;;;;;;;;;;;;;;;;;;;;;;;
;;;;;;;;;;;;;;;;;;;;;;;;;;;;;;;;;;;;;;;;;;;;;;;;;;;;;;;;;;;;;;;;;;;;;;;;;;;;;;;;;;;;;;;
;;;;;;;;;;;;;;;;;;;;;;;;;;;;;;;;;;;;;;;;;;;;;;;;;;;;;;;;;;;;;;;;;;;;;;;;;;;;;;;;;;;;;;;
;;;;;;;;;;;;;;;;;;;;;;;;;;;;;;;;;;;;;;;;;;;;;;;;;;;;;;;;;;;;;;;;;;;;;;;;;;;;;;;;;;;;;;;
;;;;;;;;;;;;;;;;;;;;;;;;;;;;;;;;;;;;;;;;;;;;;;;;;;;;;;;;;;;;;;;;;;;;;;;;;;;;;;;;;;;;;;;
;;;;;;;;;;;;;;;;;;;;;;;;;;;;;;;;;;;;;;;;;;;;;;;;;;;;;;;;;;;;;;;;;;;;;;;;;;;;;;;;;;;;;;;
;;;;;;;;;;;;;;;;;;;;;;;;;;;;;;;;;;;;;;;;;;;;;;;;;;;;;;;;;;;;;;;;;;;;;;;;;;;;;;;;;;;;;;;
;;;;;;;;;;;;;;;;;;;;;;;;;;;;;;;;;;;;;;;;;;;;;;;;;;;;;;;;;;;;;;;;;;;;;;;;;;;;;;;;;;;;;;;
;;;;;;;;;;;;;;;;;;;;;;;;;;;;;;;;;;;;;;;;;;;;;;;;;;;;;;;;;;;;;;;;;;;;;;;;;;;;;;;;;;;;;;;
;;;;;;;;;;;;;;;;;;;;;;;;;;;;;;;;;;;;;;;;;;;;;;;;;;;;;;;;;;;;;;;;;;;;;;;;;;;;;;;;;;;;;;;
;;;;;;;;;;;;;;;;;;;;;;;;;;;;;;;;;;;;;;;;;;;;;;;;;;;;;;;;;;;;;;;;;;;;;;;;;;;;;;;;;;;;;;;
;;;;;;;;;;;;;;;;;;;;;;;;;;;;;;;;;;;;;;;;;;;;;;;;;;;;;;;;;;;;;;;;;;;;;;;;;;;;;;;;;;;;;;;
;;;;;;;;;;;;;;;;;;;;;;;;;;;;;;;;;;;;;;;;;;;;;;;;;;;;;;;;;;;;;;;;;;;;;;;;;;;;;;;;;;;;;;;
;;;;;;;;;;;;;;;;;;;;;;;;;;;;;;;;;;;;;;;;;;;;;;;;;;;;;;;;;;;;;;;;;;;;;;;;;;;;;;;;;;;;;;;
;;;;;;;;;;;;;;;;;;;;;;;;;;;;;;;;;;;;;;;;;;;;;;;;;;;;;;;;;;;;;;;;;;;;;;;;;;;;;;;;;;;;;;;
;;;;;;;;;;;;;;;;;;;;;;;;;;;;;;;;;;;;;;;;;;;;;;;;;;;;;;;;;;;;;;;;;;;;;;;;;;;;;;;;;;;;;;;
;;;;;;;;;;;;;;;;;;;;;;;;;;;;;;;;;;;;;;;;;;;;;;;;;;;;;;;;;;;;;;;;;;;;;;;;;;;;;;;;;;;;;;;
;;;;;;;;;;;;;;;;;;;;;;;;;;;;;;;;;;;;;;;;;;;;;;;;;;;;;;;;;;;;;;;;;;;;;;;;;;;;;;;;;;;;;;;
;;;;;;;;;;;;;;;;;;;;;;;;;;;;;;;;;;;;;;;;;;;;;;;;;;;;;;;;;;;;;;;;;;;;;;;;;;;;;;;;;;;;;;;
;;;;;;;;;;;;;;;;;;;;;;;;;;;;;;;;;;;;;;;;;;;;;;;;;;;;;;;;;;;;;;;;;;;;;;;;;;;;;;;;;;;;;;;
;;;;;;;;;;;;;;;;;;;;;;;;;;;;;;;;;;;;;;;;;;;;;;;;;;;;;;;;;;;;;;;;;;;;;;;;;;;;;;;;;;;;;;;
;;;;;;;;;;;;;;;;;;;;;;;;;;;;;;;;;;;;;;;;;;;;;;;;;;;;;;;;;;;;;;;;;;;;;;;;;;;;;;;;;;;;;;;
;;;;;;;;;;;;;;;;;;;;;;;;;;;;;;;;;;;;;;;;;;;;;;;;;;;;;;;;;;;;;;;;;;;;;;;;;;;;;;;;;;;;;;;
;;;;;;;;;;;;;;;;;;;;;;;;;;;;;;;;;;;;;;;;;;;;;;;;;;;;;;;;;;;;;;;;;;;;;;;;;;;;;;;;;;;;;;;
;;;;;;;;;;;;;;;;;;;;;;;;;;;;;;;;;;;;;;;;;;;;;;;;;;;;;;;;;;;;;;;;;;;;;;;;;;;;;;;;;;;;;;;
;;;;;;;;;;;;;;;;;;;;;;;;;;;;;;;;;;;;;;;;;;;;;;;;;;;;;;;;;;;;;;;;;;;;;;;;;;;;;;;;;;;;;;;
;;;;;;;;;;;;;;;;;;;;;;;;;;;;;;;;;;;;;;;;;;;;;;;;;;;;;;;;;;;;;;;;;;;;;;;;;;;;;;;;;;;;;;;
;;;;;;;;;;;;;;;;;;;;;;;;;;;;;;;;;;;;;;;;;;;;;;;;;;;;;;;;;;;;;;;;;;;;;;;;;;;;;;;;;;;;;;;
;;;;;;;;;;;;;;;;;;;;;;;;;;;;;;;;;;;;;;;;;;;;;;;;;;;;;;;;;;;;;;;;;;;;;;;;;;;;;;;;;;;;;;;
;;;;;;;;;;;;;;;;;;;;;;;;;;;;;;;;;;;;;;;;;;;;;;;;;;;;;;;;;;;;;;;;;;;;;;;;;;;;;;;;;;;;;;;
;;;;;;;;;;;;;;;;;;;;;;;;;;;;;;;;;;;;;;;;;;;;;;;;;;;;;;;;;;;;;;;;;;;;;;;;;;;;;;;;;;;;;;;
;;;;;;;;;;;;;;;;;;;;;;;;;;;;;;;;;;;;;;;;;;;;;;;;;;;;;;;;;;;;;;;;;;;;;;;;;;;;;;;;;;;;;;;
;;;;;;;;;;;;;;;;;;;;;;;;;;;;;;;;;;;;;;;;;;;;;;;;;;;;;;;;;;;;;;;;;;;;;;;;;;;;;;;;;;;;;;;
;;;;;;;;;;;;;;;;;;;;;;;;;;;;;;;;;;;;;;;;;;;;;;;;;;;;;;;;;;;;;;;;;;;;;;;;;;;;;;;;;;;;;;;
;;;;;;;;;;;;;;;;;;;;;;;;;;;;;;;;;;;;;;;;;;;;;;;;;;;;;;;;;;;;;;;;;;;;;;;;;;;;;;;;;;;;;;;
;;;;;;;;;;;;;;;;;;;;;;;;;;;;;;;;;;;;;;;;;;;;;;;;;;;;;;;;;;;;;;;;;;;;;;;;;;;;;;;;;;;;;;;
;;;;;;;;;;;;;;;;;;;;;;;;;;;;;;;;;;;;;;;;;;;;;;;;;;;;;;;;;;;;;;;;;;;;;;;;;;;;;;;;;;;;;;;
;;;;;;;;;;;;;;;;;;;;;;;;;;;;;;;;;;;;;;;;;;;;;;;;;;;;;;;;;;;;;;;;;;;;;;;;;;;;;;;;;;;;;;;
;;;;;;;;;;;;;;;;;;;;;;;;;;;;;;;;;;;;;;;;;;;;;;;;;;;;;;;;;;;;;;;;;;;;;;;;;;;;;;;;;;;;;;;
;;;;;;;;;;;;;;;;;;;;;;;;;;;;;;;;;;;;;;;;;;;;;;;;;;;;;;;;;;;;;;;;;;;;;;;;;;;;;;;;;;;;;;;
;;;;;;;;;;;;;;;;;;;;;;;;;;;;;;;;;;;;;;;;;;;;;;;;;;;;;;;;;;;;;;;;;;;;;;;;;;;;;;;;;;;;;;;
;;;;;;;;;;;;;;;;;;;;;;;;;;;;;;;;;;;;;;;;;;;;;;;;;;;;;;;;;;;;;;;;;;;;;;;;;;;;;;;;;;;;;;;
;;;;;;;;;;;;;;;;;;;;;;;;;;;;;;;;;;;;;;;;;;;;;;;;;;;;;;;;;;;;;;;;;;;;;;;;;;;;;;;;;;;;;;;
;;;;;;;;;;;;;;;;;;;;;;;;;;;;;;;;;;;;;;;;;;;;;;;;;;;;;;;;;;;;;;;;;;;;;;;;;;;;;;;;;;;;;;;
;;;;;;;;;;;;;;;;;;;;;;;;;;;;;;;;;;;;;;;;;;;;;;;;;;;;;;;;;;;;;;;;;;;;;;;;;;;;;;;;;;;;;;;
;;;;;;;;;;;;;;;;;;;;;;;;;;;;;;;;;;;;;;;;;;;;;;;;;;;;;;;;;;;;;;;;;;;;;;;;;;;;;;;;;;;;;;;
;;;;;;;;;;;;;;;;;;;;;;;;;;;;;;;;;;;;;;;;;;;;;;;;;;;;;;;;;;;;;;;;;;;;;;;;;;;;;;;;;;;;;;;
;;;;;;;;;;;;;;;;;;;;;;;;;;;;;;;;;;;;;;;;;;;;;;;;;;;;;;;;;;;;;;;;;;;;;;;;;;;;;;;;;;;;;;;
;;;;;;;;;;;;;;;;;;;;;;;;;;;;;;;;;;;;;;;;;;;;;;;;;;;;;;;;;;;;;;;;;;;;;;;;;;;;;;;;;;;;;;;
;;;;;;;;;;;;;;;;;;;;;;;;;;;;;;;;;;;;;;;;;;;;;;;;;;;;;;;;;;;;;;;;;;;;;;;;;;;;;;;;;;;;;;;
;;;;;;;;;;;;;;;;;;;;;;;;;;;;;;;;;;;;;;;;;;;;;;;;;;;;;;;;;;;;;;;;;;;;;;;;;;;;;;;;;;;;;;;
;;;;;;;;;;;;;;;;;;;;;;;;;;;;;;;;;;;;;;;;;;;;;;;;;;;;;;;;;;;;;;;;;;;;;;;;;;;;;;;;;;;;;;;
;;;;;;;;;;;;;;;;;;;;;;;;;;;;;;;;;;;;;;;;;;;;;;;;;;;;;;;;;;;;;;;;;;;;;;;;;;;;;;;;;;;;;;;
;;;;;;;;;;;;;;;;;;;;;;;;;;;;;;;;;;;;;;;;;;;;;;;;;;;;;;;;;;;;;;;;;;;;;;;;;;;;;;;;;;;;;;;
;;;;;;;;;;;;;;;;;;;;;;;;;;;;;;;;;;;;;;;;;;;;;;;;;;;;;;;;;;;;;;;;;;;;;;;;;;;;;;;;;;;;;;;
;;;;;;;;;;;;;;;;;;;;;;;;;;;;;;;;;;;;;;;;;;;;;;;;;;;;;;;;;;;;;;;;;;;;;;;;;;;;;;;;;;;;;;;
;;;;;;;;;;;;;;;;;;;;;;;;;;;;;;;;;;;;;;;;;;;;;;;;;;;;;;;;;;;;;;;;;;;;;;;;;;;;;;;;;;;;;;;
;;;;;;;;;;;;;;;;;;;;;;;;;;;;;;;;;;;;;;;;;;;;;;;;;;;;;;;;;;;;;;;;;;;;;;;;;;;;;;;;;;;;;;;
;;;;;;;;;;;;;;;;;;;;;;;;;;;;;;;;;;;;;;;;;;;;;;;;;;;;;;;;;;;;;;;;;;;;;;;;;;;;;;;;;;;;;;;
;;;;;;;;;;;;;;;;;;;;;;;;;;;;;;;;;;;;;;;;;;;;;;;;;;;;;;;;;;;;;;;;;;;;;;;;;;;;;;;;;;;;;;;
;;;;;;;;;;;;;;;;;;;;;;;;;;;;;;;;;;;;;;;;;;;;;;;;;;;;;;;;;;;;;;;;;;;;;;;;;;;;;;;;;;;;;;;
;;;;;;;;;;;;;;;;;;;;;;;;;;;;;;;;;;;;;;;;;;;;;;;;;;;;;;;;;;;;;;;;;;;;;;;;;;;;;;;;;;;;;;;
;;;;;;;;;;;;;;;;;;;;;;;;;;;;;;;;;;;;;;;;;;;;;;;;;;;;;;;;;;;;;;;;;;;;;;;;;;;;;;;;;;;;;;;
;;;;;;;;;;;;;;;;;;;;;;;;;;;;;;;;;;;;;;;;;;;;;;;;;;;;;;;;;;;;;;;;;;;;;;;;;;;;;;;;;;;;;;;
;;;;;;;;;;;;;;;;;;;;;;;;;;;;;;;;;;;;;;;;;;;;;;;;;;;;;;;;;;;;;;;;;;;;;;;;;;;;;;;;;;;;;;;
;;;;;;;;;;;;;;;;;;;;;;;;;;;;;;;;;;;;;;;;;;;;;;;;;;;;;;;;;;;;;;;;;;;;;;;;;;;;;;;;;;;;;;;
;;;;;;;;;;;;;;;;;;;;;;;;;;;;;;;;;;;;;;;;;;;;;;;;;;;;;;;;;;;;;;;;;;;;;;;;;;;;;;;;;;;;;;;
;;;;;;;;;;;;;;;;;;;;;;;;;;;;;;;;;;;;;;;;;;;;;;;;;;;;;;;;;;;;;;;;;;;;;;;;;;;;;;;;;;;;;;;
;;;;;;;;;;;;;;;;;;;;;;;;;;;;;;;;;;;;;;;;;;;;;;;;;;;;;;;;;;;;;;;;;;;;;;;;;;;;;;;;;;;;;;;
;;;;;;;;;;;;;;;;;;;;;;;;;;;;;;;;;;;;;;;;;;;;;;;;;;;;;;;;;;;;;;;;;;;;;;;;;;;;;;;;;;;;;;;
;;;;;;;;;;;;;;;;;;;;;;;;;;;;;;;;;;;;;;;;;;;;;;;;;;;;;;;;;;;;;;;;;;;;;;;;;;;;;;;;;;;;;;;
;;;;;;;;;;;;;;;;;;;;;;;;;;;;;;;;;;;;;;;;;;;;;;;;;;;;;;;;;;;;;;;;;;;;;;;;;;;;;;;;;;;;;;;
;;;;;;;;;;;;;;;;;;;;;;;;;;;;;;;;;;;;;;;;;;;;;;;;;;;;;;;;;;;;;;;;;;;;;;;;;;;;;;;;;;;;;;;
;;;;;;;;;;;;;;;;;;;;;;;;;;;;;;;;;;;;;;;;;;;;;;;;;;;;;;;;;;;;;;;;;;;;;;;;;;;;;;;;;;;;;;;
;;;;;;;;;;;;;;;;;;;;;;;;;;;;;;;;;;;;;;;;;;;;;;;;;;;;;;;;;;;;;;;;;;;;;;;;;;;;;;;;;;;;;;;
;;;;;;;;;;;;;;;;;;;;;;;;;;;;;;;;;;;;;;;;;;;;;;;;;;;;;;;;;;;;;;;;;;;;;;;;;;;;;;;;;;;;;;;
;;;;;;;;;;;;;;;;;;;;;;;;;;;;;;;;;;;;;;;;;;;;;;;;;;;;;;;;;;;;;;;;;;;;;;;;;;;;;;;;;;;;;;;
;;;;;;;;;;;;;;;;;;;;;;;;;;;;;;;;;;;;;;;;;;;;;;;;;;;;;;;;;;;;;;;;;;;;;;;;;;;;;;;;;;;;;;;
;;;;;;;;;;;;;;;;;;;;;;;;;;;;;;;;;;;;;;;;;;;;;;;;;;;;;;;;;;;;;;;;;;;;;;;;;;;;;;;;;;;;;;;
;;;;;;;;;;;;;;;;;;;;;;;;;;;;;;;;;;;;;;;;;;;;;;;;;;;;;;;;;;;;;;;;;;;;;;;;;;;;;;;;;;;;;;;
;;;;;;;;;;;;;;;;;;;;;;;;;;;;;;;;;;;;;;;;;;;;;;;;;;;;;;;;;;;;;;;;;;;;;;;;;;;;;;;;;;;;;;;
;;;;;;;;;;;;;;;;;;;;;;;;;;;;;;;;;;;;;;;;;;;;;;;;;;;;;;;;;;;;;;;;;;;;;;;;;;;;;;;;;;;;;;;
;;;;;;;;;;;;;;;;;;;;;;;;;;;;;;;;;;;;;;;;;;;;;;;;;;;;;;;;;;;;;;;;;;;;;;;;;;;;;;;;;;;;;;;
;;;;;;;;;;;;;;;;;;;;;;;;;;;;;;;;;;;;;;;;;;;;;;;;;;;;;;;;;;;;;;;;;;;;;;;;;;;;;;;;;;;;;;;
;;;;;;;;;;;;;;;;;;;;;;;;;;;;;;;;;;;;;;;;;;;;;;;;;;;;;;;;;;;;;;;;;;;;;;;;;;;;;;;;;;;;;;;
;;;;;;;;;;;;;;;;;;;;;;;;;;;;;;;;;;;;;;;;;;;;;;;;;;;;;;;;;;;;;;;;;;;;;;;;;;;;;;;;;;;;;;;
;;;;;;;;;;;;;;;;;;;;;;;;;;;;;;;;;;;;;;;;;;;;;;;;;;;;;;;;;;;;;;;;;;;;;;;;;;;;;;;;;;;;;;;
;;;;;;;;;;;;;;;;;;;;;;;;;;;;;;;;;;;;;;;;;;;;;;;;;;;;;;;;;;;;;;;;;;;;;;;;;;;;;;;;;;;;;;;
;;;;;;;;;;;;;;;;;;;;;;;;;;;;;;;;;;;;;;;;;;;;;;;;;;;;;;;;;;;;;;;;;;;;;;;;;;;;;;;;;;;;;;;
;;;;;;;;;;;;;;;;;;;;;;;;;;;;;;;;;;;;;;;;;;;;;;;;;;;;;;;;;;;;;;;;;;;;;;;;;;;;;;;;;;;;;;;
;;;;;;;;;;;;;;;;;;;;;;;;;;;;;;;;;;;;;;;;;;;;;;;;;;;;;;;;;;;;;;;;;;;;;;;;;;;;;;;;;;;;;;;
;;;;;;;;;;;;;;;;;;;;;;;;;;;;;;;;;;;;;;;;;;;;;;;;;;;;;;;;;;;;;;;;;;;;;;;;;;;;;;;;;;;;;;;
;;;;;;;;;;;;;;;;;;;;;;;;;;;;;;;;;;;;;;;;;;;;;;;;;;;;;;;;;;;;;;;;;;;;;;;;;;;;;;;;;;;;;;;
;;;;;;;;;;;;;;;;;;;;;;;;;;;;;;;;;;;;;;;;;;;;;;;;;;;;;;;;;;;;;;;;;;;;;;;;;;;;;;;;;;;;;;;
;;;;;;;;;;;;;;;;;;;;;;;;;;;;;;;;;;;;;;;;;;;;;;;;;;;;;;;;;;;;;;;;;;;;;;;;;;;;;;;;;;;;;;;
;;;;;;;;;;;;;;;;;;;;;;;;;;;;;;;;;;;;;;;;;;;;;;;;;;;;;;;;;;;;;;;;;;;;;;;;;;;;;;;;;;;;;;;
;;;;;;;;;;;;;;;;;;;;;;;;;;;;;;;;;;;;;;;;;;;;;;;;;;;;;;;;;;;;;;;;;;;;;;;;;;;;;;;;;;;;;;;
;;;;;;;;;;;;;;;;;;;;;;;;;;;;;;;;;;;;;;;;;;;;;;;;;;;;;;;;;;;;;;;;;;;;;;;;;;;;;;;;;;;;;;;
;;;;;;;;;;;;;;;;;;;;;;;;;;;;;;;;;;;;;;;;;;;;;;;;;;;;;;;;;;;;;;;;;;;;;;;;;;;;;;;;;;;;;;;
;;;;;;;;;;;;;;;;;;;;;;;;;;;;;;;;;;;;;;;;;;;;;;;;;;;;;;;;;;;;;;;;;;;;;;;;;;;;;;;;;;;;;;;
;;;;;;;;;;;;;;;;;;;;;;;;;;;;;;;;;;;;;;;;;;;;;;;;;;;;;;;;;;;;;;;;;;;;;;;;;;;;;;;;;;;;;;;
;;;;;;;;;;;;;;;;;;;;;;;;;;;;;;;;;;;;;;;;;;;;;;;;;;;;;;;;;;;;;;;;;;;;;;;;;;;;;;;;;;;;;;;
;;;;;;;;;;;;;;;;;;;;;;;;;;;;;;;;;;;;;;;;;;;;;;;;;;;;;;;;;;;;;;;;;;;;;;;;;;;;;;;;;;;;;;;
;;;;;;;;;;;;;;;;;;;;;;;;;;;;;;;;;;;;;;;;;;;;;;;;;;;;;;;;;;;;;;;;;;;;;;;;;;;;;;;;;;;;;;;
;;;;;;;;;;;;;;;;;;;;;;;;;;;;;;;;;;;;;;;;;;;;;;;;;;;;;;;;;;;;;;;;;;;;;;;;;;;;;;;;;;;;;;;
;;;;;;;;;;;;;;;;;;;;;;;;;;;;;;;;;;;;;;;;;;;;;;;;;;;;;;;;;;;;;;;;;;;;;;;;;;;;;;;;;;;;;;;
;;;;;;;;;;;;;;;;;;;;;;;;;;;;;;;;;;;;;;;;;;;;;;;;;;;;;;;;;;;;;;;;;;;;;;;;;;;;;;;;;;;;;;;
;;;;;;;;;;;;;;;;;;;;;;;;;;;;;;;;;;;;;;;;;;;;;;;;;;;;;;;;;;;;;;;;;;;;;;;;;;;;;;;;;;;;;;;
;;;;;;;;;;;;;;;;;;;;;;;;;;;;;;;;;;;;;;;;;;;;;;;;;;;;;;;;;;;;;;;;;;;;;;;;;;;;;;;;;;;;;;;
;;;;;;;;;;;;;;;;;;;;;;;;;;;;;;;;;;;;;;;;;;;;;;;;;;;;;;;;;;;;;;;;;;;;;;;;;;;;;;;;;;;;;;;
;;;;;;;;;;;;;;;;;;;;;;;;;;;;;;;;;;;;;;;;;;;;;;;;;;;;;;;;;;;;;;;;;;;;;;;;;;;;;;;;;;;;;;;
;;;;;;;;;;;;;;;;;;;;;;;;;;;;;;;;;;;;;;;;;;;;;;;;;;;;;;;;;;;;;;;;;;;;;;;;;;;;;;;;;;;;;;;
;;;;;;;;;;;;;;;;;;;;;;;;;;;;;;;;;;;;;;;;;;;;;;;;;;;;;;;;;;;;;;;;;;;;;;;;;;;;;;;;;;;;;;;
;;;;;;;;;;;;;;;;;;;;;;;;;;;;;;;;;;;;;;;;;;;;;;;;;;;;;;;;;;;;;;;;;;;;;;;;;;;;;;;;;;;;;;;
;;;;;;;;;;;;;;;;;;;;;;;;;;;;;;;;;;;;;;;;;;;;;;;;;;;;;;;;;;;;;;;;;;;;;;;;;;;;;;;;;;;;;;;
;;;;;;;;;;;;;;;;;;;;;;;;;;;;;;;;;;;;;;;;;;;;;;;;;;;;;;;;;;;;;;;;;;;;;;;;;;;;;;;;;;;;;;;
;;;;;;;;;;;;;;;;;;;;;;;;;;;;;;;;;;;;;;;;;;;;;;;;;;;;;;;;;;;;;;;;;;;;;;;;;;;;;;;;;;;;;;;
;;;;;;;;;;;;;;;;;;;;;;;;;;;;;;;;;;;;;;;;;;;;;;;;;;;;;;;;;;;;;;;;;;;;;;;;;;;;;;;;;;;;;;;
;;;;;;;;;;;;;;;;;;;;;;;;;;;;;;;;;;;;;;;;;;;;;;;;;;;;;;;;;;;;;;;;;;;;;;;;;;;;;;;;;;;;;;;
;;;;;;;;;;;;;;;;;;;;;;;;;;;;;;;;;;;;;;;;;;;;;;;;;;;;;;;;;;;;;;;;;;;;;;;;;;;;;;;;;;;;;;;
;;;;;;;;;;;;;;;;;;;;;;;;;;;;;;;;;;;;;;;;;;;;;;;;;;;;;;;;;;;;;;;;;;;;;;;;;;;;;;;;;;;;;;;
;;;;;;;;;;;;;;;;;;;;;;;;;;;;;;;;;;;;;;;;;;;;;;;;;;;;;;;;;;;;;;;;;;;;;;;;;;;;;;;;;;;;;;;
;;;;;;;;;;;;;;;;;;;;;;;;;;;;;;;;;;;;;;;;;;;;;;;;;;;;;;;;;;;;;;;;;;;;;;;;;;;;;;;;;;;;;;;
;;;;;;;;;;;;;;;;;;;;;;;;;;;;;;;;;;;;;;;;;;;;;;;;;;;;;;;;;;;;;;;;;;;;;;;;;;;;;;;;;;;;;;;
;;;;;;;;;;;;;;;;;;;;;;;;;;;;;;;;;;;;;;;;;;;;;;;;;;;;;;;;;;;;;;;;;;;;;;;;;;;;;;;;;;;;;;;
;;;;;;;;;;;;;;;;;;;;;;;;;;;;;;;;;;;;;;;;;;;;;;;;;;;;;;;;;;;;;;;;;;;;;;;;;;;;;;;;;;;;;;;
;;;;;;;;;;;;;;;;;;;;;;;;;;;;;;;;;;;;;;;;;;;;;;;;;;;;;;;;;;;;;;;;;;;;;;;;;;;;;;;;;;;;;;;
;;;;;;;;;;;;;;;;;;;;;;;;;;;;;;;;;;;;;;;;;;;;;;;;;;;;;;;;;;;;;;;;;;;;;;;;;;;;;;;;;;;;;;;
;;;;;;;;;;;;;;;;;;;;;;;;;;;;;;;;;;;;;;;;;;;;;;;;;;;;;;;;;;;;;;;;;;;;;;;;;;;;;;;;;;;;;;;
;;;;;;;;;;;;;;;;;;;;;;;;;;;;;;;;;;;;;;;;;;;;;;;;;;;;;;;;;;;;;;;;;;;;;;;;;;;;;;;;;;;;;;;
;;;;;;;;;;;;;;;;;;;;;;;;;;;;;;;;;;;;;;;;;;;;;;;;;;;;;;;;;;;;;;;;;;;;;;;;;;;;;;;;;;;;;;;
;;;;;;;;;;;;;;;;;;;;;;;;;;;;;;;;;;;;;;;;;;;;;;;;;;;;;;;;;;;;;;;;;;;;;;;;;;;;;;;;;;;;;;;
;;;;;;;;;;;;;;;;;;;;;;;;;;;;;;;;;;;;;;;;;;;;;;;;;;;;;;;;;;;;;;;;;;;;;;;;;;;;;;;;;;;;;;;
;;;;;;;;;;;;;;;;;;;;;;;;;;;;;;;;;;;;;;;;;;;;;;;;;;;;;;;;;;;;;;;;;;;;;;;;;;;;;;;;;;;;;;;
;;;;;;;;;;;;;;;;;;;;;;;;;;;;;;;;;;;;;;;;;;;;;;;;;;;;;;;;;;;;;;;;;;;;;;;;;;;;;;;;;;;;;;;
;;;;;;;;;;;;;;;;;;;;;;;;;;;;;;;;;;;;;;;;;;;;;;;;;;;;;;;;;;;;;;;;;;;;;;;;;;;;;;;;;;;;;;;
;;;;;;;;;;;;;;;;;;;;;;;;;;;;;;;;;;;;;;;;;;;;;;;;;;;;;;;;;;;;;;;;;;;;;;;;;;;;;;;;;;;;;;;
;;;;;;;;;;;;;;;;;;;;;;;;;;;;;;;;;;;;;;;;;;;;;;;;;;;;;;;;;;;;;;;;;;;;;;;;;;;;;;;;;;;;;;;
;;;;;;;;;;;;;;;;;;;;;;;;;;;;;;;;;;;;;;;;;;;;;;;;;;;;;;;;;;;;;;;;;;;;;;;;;;;;;;;;;;;;;;;
;;;;;;;;;;;;;;;;;;;;;;;;;;;;;;;;;;;;;;;;;;;;;;;;;;;;;;;;;;;;;;;;;;;;;;;;;;;;;;;;;;;;;;;
;;;;;;;;;;;;;;;;;;;;;;;;;;;;;;;;;;;;;;;;;;;;;;;;;;;;;;;;;;;;;;;;;;;;;;;;;;;;;;;;;;;;;;;
;;;;;;;;;;;;;;;;;;;;;;;;;;;;;;;;;;;;;;;;;;;;;;;;;;;;;;;;;;;;;;;;;;;;;;;;;;;;;;;;;;;;;;;
;;;;;;;;;;;;;;;;;;;;;;;;;;;;;;;;;;;;;;;;;;;;;;;;;;;;;;;;;;;;;;;;;;;;;;;;;;;;;;;;;;;;;;;
;;;;;;;;;;;;;;;;;;;;;;;;;;;;;;;;;;;;;;;;;;;;;;;;;;;;;;;;;;;;;;;;;;;;;;;;;;;;;;;;;;;;;;;
;;;;;;;;;;;;;;;;;;;;;;;;;;;;;;;;;;;;;;;;;;;;;;;;;;;;;;;;;;;;;;;;;;;;;;;;;;;;;;;;;;;;;;;
;;;;;;;;;;;;;;;;;;;;;;;;;;;;;;;;;;;;;;;;;;;;;;;;;;;;;;;;;;;;;;;;;;;;;;;;;;;;;;;;;;;;;;;
;;;;;;;;;;;;;;;;;;;;;;;;;;;;;;;;;;;;;;;;;;;;;;;;;;;;;;;;;;;;;;;;;;;;;;;;;;;;;;;;;;;;;;;
;;;;;;;;;;;;;;;;;;;;;;;;;;;;;;;;;;;;;;;;;;;;;;;;;;;;;;;;;;;;;;;;;;;;;;;;;;;;;;;;;;;;;;;
;;;;;;;;;;;;;;;;;;;;;;;;;;;;;;;;;;;;;;;;;;;;;;;;;;;;;;;;;;;;;;;;;;;;;;;;;;;;;;;;;;;;;;;
;;;;;;;;;;;;;;;;;;;;;;;;;;;;;;;;;;;;;;;;;;;;;;;;;;;;;;;;;;;;;;;;;;;;;;;;;;;;;;;;;;;;;;;
;;;;;;;;;;;;;;;;;;;;;;;;;;;;;;;;;;;;;;;;;;;;;;;;;;;;;;;;;;;;;;;;;;;;;;;;;;;;;;;;;;;;;;;
;;;;;;;;;;;;;;;;;;;;;;;;;;;;;;;;;;;;;;;;;;;;;;;;;;;;;;;;;;;;;;;;;;;;;;;;;;;;;;;;;;;;;;;
;;;;;;;;;;;;;;;;;;;;;;;;;;;;;;;;;;;;;;;;;;;;;;;;;;;;;;;;;;;;;;;;;;;;;;;;;;;;;;;;;;;;;;;
;;;;;;;;;;;;;;;;;;;;;;;;;;;;;;;;;;;;;;;;;;;;;;;;;;;;;;;;;;;;;;;;;;;;;;;;;;;;;;;;;;;;;;;
;;;;;;;;;;;;;;;;;;;;;;;;;;;;;;;;;;;;;;;;;;;;;;;;;;;;;;;;;;;;;;;;;;;;;;;;;;;;;;;;;;;;;;;
;;;;;;;;;;;;;;;;;;;;;;;;;;;;;;;;;;;;;;;;;;;;;;;;;;;;;;;;;;;;;;;;;;;;;;;;;;;;;;;;;;;;;;;
;;;;;;;;;;;;;;;;;;;;;;;;;;;;;;;;;;;;;;;;;;;;;;;;;;;;;;;;;;;;;;;;;;;;;;;;;;;;;;;;;;;;;;;
;;;;;;;;;;;;;;;;;;;;;;;;;;;;;;;;;;;;;;;;;;;;;;;;;;;;;;;;;;;;;;;;;;;;;;;;;;;;;;;;;;;;;;;
;;;;;;;;;;;;;;;;;;;;;;;;;;;;;;;;;;;;;;;;;;;;;;;;;;;;;;;;;;;;;;;;;;;;;;;;;;;;;;;;;;;;;;;
;;;;;;;;;;;;;;;;;;;;;;;;;;;;;;;;;;;;;;;;;;;;;;;;;;;;;;;;;;;;;;;;;;;;;;;;;;;;;;;;;;;;;;;
;;;;;;;;;;;;;;;;;;;;;;;;;;;;;;;;;;;;;;;;;;;;;;;;;;;;;;;;;;;;;;;;;;;;;;;;;;;;;;;;;;;;;;;
;;;;;;;;;;;;;;;;;;;;;;;;;;;;;;;;;;;;;;;;;;;;;;;;;;;;;;;;;;;;;;;;;;;;;;;;;;;;;;;;;;;;;;;
;;;;;;;;;;;;;;;;;;;;;;;;;;;;;;;;;;;;;;;;;;;;;;;;;;;;;;;;;;;;;;;;;;;;;;;;;;;;;;;;;;;;;;;
;;;;;;;;;;;;;;;;;;;;;;;;;;;;;;;;;;;;;;;;;;;;;;;;;;;;;;;;;;;;;;;;;;;;;;;;;;;;;;;;;;;;;;;
;;;;;;;;;;;;;;;;;;;;;;;;;;;;;;;;;;;;;;;;;;;;;;;;;;;;;;;;;;;;;;;;;;;;;;;;;;;;;;;;;;;;;;;
;;;;;;;;;;;;;;;;;;;;;;;;;;;;;;;;;;;;;;;;;;;;;;;;;;;;;;;;;;;;;;;;;;;;;;;;;;;;;;;;;;;;;;;
;;;;;;;;;;;;;;;;;;;;;;;;;;;;;;;;;;;;;;;;;;;;;;;;;;;;;;;;;;;;;;;;;;;;;;;;;;;;;;;;;;;;;;;
;;;;;;;;;;;;;;;;;;;;;;;;;;;;;;;;;;;;;;;;;;;;;;;;;;;;;;;;;;;;;;;;;;;;;;;;;;;;;;;;;;;;;;;
;;;;;;;;;;;;;;;;;;;;;;;;;;;;;;;;;;;;;;;;;;;;;;;;;;;;;;;;;;;;;;;;;;;;;;;;;;;;;;;;;;;;;;;
;;;;;;;;;;;;;;;;;;;;;;;;;;;;;;;;;;;;;;;;;;;;;;;;;;;;;;;;;;;;;;;;;;;;;;;;;;;;;;;;;;;;;;;
;;;;;;;;;;;;;;;;;;;;;;;;;;;;;;;;;;;;;;;;;;;;;;;;;;;;;;;;;;;;;;;;;;;;;;;;;;;;;;;;;;;;;;;
;;;;;;;;;;;;;;;;;;;;;;;;;;;;;;;;;;;;;;;;;;;;;;;;;;;;;;;;;;;;;;;;;;;;;;;;;;;;;;;;;;;;;;;
;;;;;;;;;;;;;;;;;;;;;;;;;;;;;;;;;;;;;;;;;;;;;;;;;;;;;;;;;;;;;;;;;;;;;;;;;;;;;;;;;;;;;;;
